Artist,Title
Jung Kook Featuring Latto,Seven
Jason Aldean,Try That In A Small Town
Morgan Wallen,Last Night
Luke Combs,Fast Car
Rema & Selena Gomez,Calm Down
Gunna,Fukumean
Olivia Rodrigo,Vampire
Taylor Swift,Cruel Summer
Miley Cyrus,Flowers
Lil Durk Featuring J. Cole,All My Life
Taylor Swift Featuring Ice Spice,Karma
SZA,Snooze
SZA,Kill Bill
Jelly Roll,Need A Favor
Toosii,Favorite Song
Miguel,Sure Thing
"Metro Boomin, The Weeknd & 21 Savage",Creepin'
Zach Bryan,Something In The Orange
Taylor Swift,Anti-Hero
Eslabon Armado X Peso Pluma,Ella Baila Sola
The Weeknd & Ariana Grande,Die For You
Morgan Wallen,Thinkin' Bout Me
Morgan Wallen,You Proof
Fifty Fifty,Cupid
Dua Lipa,Dance The Night
Bailey Zimmerman,Religiously
Nicki Minaj & Ice Spice With Aqua,Barbie World
Jordan Davis,Next Thing You Know
Yng Lvcas x Peso Pluma,La Bebe
Morgan Wallen,Thought You Should Know
David Guetta & Bebe Rexha,I'm Good (Blue)
Grupo Frontera X Bad Bunny,Un x100to
Taylor Swift,I Can See You (Taylor's Version) (From The Vault)
Billie Eilish,What Was I Made For?
Drake,Search & Rescue
Tyler Hubbard,Dancin' In The Country
Ed Sheeran,Eyes Closed
Old Dominion,Memory Lane
Noah Kahan,Dial Drunk
Kane Brown,Bury Me In Georgia
Luke Combs,Love You Anyway
Latto Featuring Cardi B,Put It On Da Floor Again
Post Malone,Chemical
Bad Bunny,Where She Goes
Fuerza Regida,Sabor Fresa
Kaliii,Area Codes
Post Malone,Overdrive
Myke Towers,LaLa
Ice Spice & Nicki Minaj,Princess Diana
Peso Pluma & Grupo Frontera,Tulum
"Peso Pluma, Gabito Ballesteros & Junior H",Lady Gaga
Young Nudy Featuring 21 Savage,Peaches & Eggplants
Jon Pardi,Your Heart Or Mine
Doechii Featuring Kodak Black,What It Is (Block Boy)
Post Malone,Mourning
Fuerza Regida,TQM
"David Guetta, Anne-Marie & Coi Leray",Baby Don't Hurt Me
Justin Moore & Priscilla Block,"You, Me, & Whiskey"
Lil Durk Featuring Morgan Wallen,Stand By Me
Lainey Wilson,Watermelon Moonshine
David Kushner,Daylight
Coco Jones,ICU
Karol G,S91
NewJeans,Super Shy
Taylor Swift,Enchanted (Taylor's Version)
"The Weeknd, Playboi Carti & Madonna",Popular
DaBaby,Shake Sumn
Young Thug Featuring Drake,Oh U Went
Bizarrap & Peso Pluma,"Bzrp Music Sessions, Vol. 55"
Lil Uzi Vert,Flooded The Face
Yahritza y Su Esencia x Grupo Frontera,Fragil
Morgan Wallen,Everything I Love
Morgan Wallen Featuring ERNEST,Cowgirls
Peso Pluma,Bye
HARDY,Truck Bed
Taylor Swift,Back To December (Taylor's Version)
Troye Sivan,Rush
Sexyy Red & Tay Keith & Nicki Minaj,Pound Town 2
Peso Pluma & Junior H,Luna
Peso Pluma,Por Las Noches
Taylor Swift,Mine (Taylor's Version)
"Tyler, The Creator Featuring Kali Uchis",See You Again
Rod Wave,Fight The Feeling
Dan + Shay,Save Me The Trouble
Peso Pluma & Jasiel Nunez,Lagunas
Quavo & Future,Turn Yo Clic Up
Junior H x Peso Pluma,El Azul
Miley Cyrus,Jaded
Peso Pluma,Rubicon
Morgan Wallen,Ain't That Some
Jelly Roll With Lainey Wilson,Save Me
Ryan Castro x Pe$o Pluma,Quema
Thomas Rhett,Angels Don't Always Have Wings
Tainy & Bad Bunny,Mojabi Ghost
Taylor Swift,Sparks Fly (Taylor's Version)
Rylo Rodriguez Featuring NoCap,Thang For You
"That Mexican OT, Paul Wall & DRODi",Johnny Dang
"Metro Boomin, Swae Lee & NAV Featuring A Boogie Wit da Hoodie",Calling
Lil Uzi Vert Featuring Nicki Minaj,Endless Fashion
Parmalee,Girl In Mine
Future ,Undefeated
Pitbull ,Messin' Around
Sia ,Unstoppable
Vampire Weekend ,This Life
Megan Thee Stallion ,Cash Shit
Future ,Colossal
T.I. ,Pardon
Chris Brown ,Till The Wheels Fall Off
Ella Fitzgerald ,Frosty The Snowman
Megan Thee Stallion ,Don’t Stop
Eminem ,Is This Love ('09)
OneRepublic ,Didn't I
Soundgarden ,Burden In My Hand
Eslabon Armado ,¿Donde Has Estado?
Post Malone ,Myself
Aminé ,BLACKJACK
Drake ,Started From the Bottom
Taylor Swift ,Blank Space
G,Eazy  Some Kind Of Drug  Earwulf Remix
VÉRITÉ ,Somebody Else
5 Seconds of Summer ,Wildflower
The Kid LAROI ,NEED YOU MOST (So Sick)
Maren Morris ,Circles Around This Town
ZHU ,Hometown Girl
MF DOOM ,Rhymes Like Dimes
Huncho Jack ,Moon Rock
Tove Lo ,Talking Body
Troye Sivan ,YOUTH
Zach Bryan ,Sun to Me
Harry Styles ,Golden
Kygo ,ID  Ultra Music Festival Anthem
J Balvin ,Sigue
R3HAB ,You Could Be
Fifth Harmony ,Down
Jessie J ,Flashlight
Billie Eilish ,OverHeated
DJ Durel ,Hot Summer
Chance the Rapper ,Roo
Lil Tecca ,Our Time
Megan Moroney ,Tennessee Orange
Lil Tecca ,CAUTION
Run The Jewels ,Close Your Eyes (And Count to Fuck)
Marshmello ,Tongue Tied
Kendrick Lamar ,Auntie Diaries
The Chainsmokers ,The One
DaBaby ,XXL
Big Sean ,Don Life
21 Savage ,Disrespectful
iann dior ,is it you
Bad Bunny ,YO VISTO ASÍ
Good Gas ,How I Feel
Lil Baby ,Dreams 2 Reality
Bobby Helms ,Jingle Bell Rock
Fall Out Boy ,My Songs Know What You Did In The Dark (Light Em Up)
Wallows ,Are You Bored Yet?
Dr. Dre ,The Next Episode
Billie Eilish ,my strange addiction
Doja Cat ,Woman
Otis Redding ,(Sittin' On) the Dock of the Bay
Ed Sheeran ,Baby One More Time  Recorded at Spotify Studios New York City
The 1975 ,Be My Mistake
Big Sean ,Bezerk
Tove Lo ,Talking Body  Gryffin Remix
Sofía Reyes ,R.I.P.
Tory Lanez ,Accidents Happen
BØRNS ,God Save Our Young Blood
YNW Melly ,Best Friends 4L
Cordae ,Super
RAC ,Back of the Car
Justin Timberlake ,Not a Bad Thing
Ryan Gosling ,City Of Stars
Offset ,CODE
Fat Joe ,All The Way Up
Kylie Minogue ,Santa Baby
Frank Ocean ,Nikes
5 Seconds of Summer ,Hey Everybody!
Metro Boomin ,Too Many Nights
Lil Tecca ,ABOUT YOU
Florence + The Machine ,Patricia
Taylor Swift ,Soon You’ll Get Better
O.T. Genasis ,CoCo
Brantley Gilbert ,Bottoms Up
6LACK ,Sorry
Jessie J ,Burnin' Up
Lil Uzi Vert ,Moon Relate
Kodak Black ,I Wish
Kanye West ,Champions
Jelly Roll ,Son Of A Sinner
Jasmine V ,That’s Me Right There
Trippie Redd ,Personal Favorite
Lil Tjay ,Leaked
Lady Gaga ,Born This Way
Kygo ,Remind Me to Forget
Chance the Rapper ,The Man Who Has Everything
Lady Gaga ,Chromatica II
The Beatles ,Yesterday  Remastered
BTS ,Film out
Old Dominion ,Snapback
Post Malone ,Ball For Me
Rita Ora ,Your Song
Kendrick Lamar ,untitled 01 | 08.19.2014.
Tones And I ,Bad Child
Nigo ,Arya
Seth MacFarlane ,"Baby, It's Cold Outside"
Hozier ,Someone New
Trippie Redd ,Matt Hardy 999
Lil Yachty ,NBAYOUNGBOAT
Future ,You Da Baddest
Alessia Cara ,Seventeen
Dreamville ,Wells Fargo
Matt Simons ,Catch & Release  Deepend Remix
Lil Tjay ,Losses
Anderson .Paak ,JEWELZ
21 Savage ,Intro
Kendrick Lamar ,A.D.H.D
SAINt JHN ,Just For Me
No Rome ,Spinning
Gunna ,COOLER THAN A BITCH
Logic ,The Incredible True Story
NF ,The Search
Chance the Rapper ,Child of God
Lil Uzi Vert ,Venetia
The Backyardigans ,Castaways
One Direction ,Perfect
Destiny's Child ,Say My Name
Kehlani ,Gangsta (From Suicide Squad The Album)
Eminem ,Alfred  Outro
Brett Eldredge ,A Holly Jolly Christmas
Beyoncé ,Crazy In Love
Rae Sremmurd ,No Flex Zone
John Mayer ,Emoji of a Wave
Nate Smith ,Whiskey On You
The J. Geils Band ,Centerfold
Playboi Carti ,Go2DaMoon
Ariana Grande ,Let Me Love You
Ariana Grande ,Side To Side
Post Malone ,Wow.
BTS ,So What
Luke Combs ,All Over Again
Eminem ,Marsh
Nicky Jam ,X
Maluma ,Hawái  Remix
Kehlani ,Water
Jonas Brothers ,Like It's Christmas
NF ,JUST LIKE YOU
Mumford & Sons ,There Will Be Time
The Weeknd ,A Tale By Quincy
Zara Larsson ,Ain't My Fault
Joji ,777
Isaiah Rashad ,Don't Shoot
Meek Mill ,Fuck That Check Up
The Band Perry ,If I Die Young
Mac Miller ,"I Love Life, Thank You"
Mr. Probz ,Waves feat. Chris Brown & T.I  Robin Schulz Remix
Ella Henderson ,Pieces
G,Eazy  Provide
Don Toliver ,Swangin’ On Westheimer
Nelly ,Lil Bit
Lil Wayne ,Feelin' Like Tunechi
Nipsey Hussle ,Grinding All My Life
Chance the Rapper ,Pusha Man
Lee Brice ,Drinking Class
G,Eazy  Love Is Gone
Kendrick Lamar ,The Heart Part 5
Lil Uzi Vert ,Strawberry Peels
Lil Uzi Vert ,How To Talk
Tyler Farr ,A Guy Walks Into a Bar
Kanye West ,All Falls Down
Drake ,30 for 30 Freestyle
G,Eazy  Sober
Jhené Aiko ,None Of Your Concern
TOOL ,Legion Inoculant
Lauv ,Feelings
NF ,Chasing_(Demo)
Imagine Dragons ,Dream
Juice WRLD ,Rockstar In His Prime
Joji ,NIGHT RIDER
Machine Gun Kelly ,title track
Katy Perry ,California Gurls
BTS ,Dynamite  Instrumental
Chris Jedi ,Ahora Dice  Real Hasta La Muerte Remix
J. Cole ,03' Adolescence
Drake ,Star67
David Bowie ,Changes  1999 Remastered Version
Justin Timberlake ,Higher Higher
XXXTENTACION ,Ecstasy
The Chainsmokers ,Honest
Mac Miller ,Conversation Pt. 1
King Princess ,1950
Bruno Mars ,Versace on the Floor
Lil Baby ,Grace
DJ Khaled ,Weather the Storm
John Mayer ,Shouldn't Matter but It Does
Childish Gambino ,Have Some Love
J. Cole ,Wet Dreamz
Chase Atlantic ,OHMAMI
St. Lucia ,Dancing On Glass
Russ ,Basement (Feat. Jessie Reyez)
Logic ,Killing Spree
Bailey Zimmerman ,Where It Ends
Carlos Vives ,"Colombia, Mi Encanto"
Gucci Mane ,Kept Back
Pooh Shiesty ,Neighbors
J. Cole ,Window Pain  Outro
Avicii ,Tough Love
Van Halen ,Dance the Night Away  2015 Remaster
Childish Gambino ,Zombies
Justin Bieber ,Purpose
Machine Gun Kelly ,born with horns
Rauw Alejandro ,2/Catorce
Mariah Carey ,O Holy Night
Gabby Barrett ,The Good Ones
Mac Miller ,Wedding
J. Cole ,Intro
Thomas Rhett ,More Time Fishin’
Logic ,Vaccine
Zara Larsson ,TG4M
Kent Jones ,Don't Mind
French Montana ,Slide
Drake ,Hype
Lil Nas X ,DONT WANT IT
Drake ,Portland
Sigala ,Easy Love
Katy Perry ,Last Friday Night (T.G.I.F.)
Sia ,Never Give Up
Gnarls Barkley ,Crazy
Trippie Redd ,RIOT
Lauv ,Who
Cashmere Cat ,Trust Nobody
SZA ,Ghost in the Machine
John Mayer ,Still Feel Like Your Man
Christina Aguilera ,Genie in a Bottle
The Chainsmokers ,Let You Go
Summer Walker ,Let It Go
Linkin Park ,Somewhere I Belong
Lil Nas X ,DEAD RIGHT NOW
Lil Uzi Vert ,Two®
Jason Derulo ,Tip Toe
Meat Loaf ,Paradise By the Dashboard Light
Beck ,Unforgiven
Little Mix ,Love Me Like You
Future ,Sorry
HAIM ,Want You Back
Miguel ,Coffee
$uicideboy$ ,Unlucky Me
Kesha ,Cannibal
$uicideboy$ ,Resistance Is Useless
Trippie Redd ,Gore
Party Favor ,Give It To Me Twice
Julia Michaels ,Jump
YoungBoy Never Broke Again ,Off Season
Mariah Carey ,Oh Santa!
Kid Cudi ,The Adventures of Moon Man & Slim Shady
Rae Sremmurd ,T'd Up
Carpenters ,Silent Night
The Neighbourhood ,R.I.P. 2 My Youth
Lil Baby ,Anyway
Pink Floyd ,"Side 1, Pt. 1: Things Left Unsaid"
Bishop Briggs ,River
NextYoungin ,3 Musketeers
Earl Sweatshirt ,2010
Alicia Keys ,In Common
Future ,Love Thy Enemies
Lil Wayne ,Not Me
Panic! At The Disco ,High Hopes
Morgan Wallen ,Silverado For Sale
Jason Derulo ,Cheyenne
Kanye West ,On God
OneRepublic ,Start Again
Future ,Government Official
Macklemore & Ryan Lewis ,Downtown
Kehlani ,Undercover
Mac DeMarco ,My Kind Of Woman
She & Him ,I'll Be Home For Christmas
6ix9ine ,MALA
Foster The People ,Sit Next to Me  Stereotypes Remix
José Feliciano ,Feliz Navidad
K/DA ,POP/STARS
A Boogie Wit da Hoodie ,Blood On My Denim
Juice WRLD ,Out My Way
Dierks Bentley ,Different For Girls
Bebe Rexha ,Bad Bitch
Imagine Dragons ,I’m So Sorry
Common ,Glory (From the Motion Picture Selma)
Lana Del Rey ,Breaking Up Slowly
Lil Tecca ,Shots
Beyoncé ,Before I Let Go  Homecoming Live Bonus Track
Drake ,Right Hand
Nicki Minaj ,All Things Go
Ariana Grande ,someone like u  interlude
The Weeknd ,Reminder
Halsey ,So Good
Lin,Manuel Miranda  My Shot
Lil Baby ,Freestyle
Logic ,100 Miles and Running (ft. Wale & John Lindahl)
Pentatonix ,Amazing Grace (My Chains Are Gone)
MKTO ,Bad Girls
Dreamville ,Freedom of Speech
Jorja Smith ,I Am
Joji ,R.I.P.
Ty Dolla $ign ,Lil Favorite
Elton John ,Tiny Dancer
Curtis Waters ,Stunnin'
DJ Khaled ,No Brainer
Megan Thee Stallion ,Sweetest Pie
China Anne McClain ,Calling All the Monsters
Queen ,We Will Rock You  Remastered
Pia Mia ,Do It Again
Drake ,Pop Style
Future ,Wicked
The Script ,Superheroes
Tate McRae ,don't come back
John Mayer ,Shot in the Dark
Irving Berlin ,White Christmas  Voice
"Tyler, The Creator ",OKRA
Camilo ,KESI  Remix
Lil Wayne ,In This House
Drake ,Spin Bout U
benny blanco ,"I Can’t Get Enough (benny blanco, Selena Gomez, J Balvin, Tainy)"
Lil Baby ,If You Want To
The Kid LAROI ,SAME ENERGY
Lovejoy ,Perfume
Halsey ,Now Or Never
Khalid ,Talk
Young Thug ,Tsunami
Roddy Ricch ,Intro
Taylor Swift ,the lakes (bonus track)
Thomas Rhett ,Leave Right Now
Lil Uzi Vert ,Myron
2 Chainz ,Million Dollars Worth of Game
ZAYN ,fOoL fOr YoU
A Boogie Wit da Hoodie ,Reply
Kanye West ,Hands On
Gryffin ,Need Your Love
Machine Gun Kelly ,banyan tree  interlude
Jack Garratt ,Weathered
Luke Combs ,Forever After All
Young Thug ,It's A Slime
Karinah ,No Fim do Mundo
George Michael ,Father Figure  Remastered
David Bowie ,Suffragette City  2012 Remastered Version
Charli XCX ,enemy
Kodak Black ,Malcolm X.X.X.
Future ,Keep Quiet
Rich The Kid ,Early Morning Trappin
Bebe Rexha ,Not 20 Anymore
Charli XCX ,Break the Rules
Drake ,Draft Day
5 Seconds of Summer ,Castaway
Russ ,What They Want
Blackstreet ,No Diggity
GAYLE ,abcdefu (angrier)
Taylor Swift ,this is me trying
BTS ,Butter
girl in red ,Serotonin
Joji ,1AM FREESTYLE
Wiz Khalifa ,Letterman
DUSTY LOCANE ,ROLLIN N CONTROLLIN FREESTYLE
Bruno Mars ,Silk Sonic Intro
Macklemore ,Marmalade
Dua Lipa ,Levitating
BLACKPINK ,How You Like That
Jeremih ,oui
Drake ,Teenage Fever
Logic ,Fade Away
ZAYN ,BeFoUr
Miley Cyrus ,High
Justin Timberlake ,Midnight Summer Jam
Katy Perry ,Harleys In Hawaii
Eli Young Band ,Love Ain't
Tony DeSare ,I'll Be Home for Christmas
OMI ,Cheerleader (Felix Jaehn Remix)
Adele ,Set Fire to the Rain
Niall Horan ,This Town
Khalid ,Paradise
Dreamville ,Under The Sun
Kanye West ,Jail
Lil Wayne ,Scared of the Dark
Sabrina Carpenter ,Why
SpotemGottem ,Beat Box 3
Playboi Carti ,wokeuplikethis*
J. Cole ,Power Trip
Gryffin ,Hold You Tonight
Nelly ,Country Grammar (Hot Shit)
Ski Mask The Slump God ,Mental Magneto
John Mayer ,Last Train Home
Meek Mill ,Pullin Up
Rudimental ,These Days
WALK THE MOON ,One Foot
Eminem ,Stan
G,Eazy  Bone Marrow
Taylor Swift ,Christmas Tree Farm
Bryson Tiller ,Sorrows
Skrillex ,Would You Ever
Polo G ,33
Billie Eilish ,lovely
Sia ,Move Your Body  Alan Walker Remix
Russ ,GUESS WHAT
Disclosure ,Nocturnal
Meek Mill ,Respect The Game
Tim McGraw ,Diamond Rings And Old Barstools
Banda MS de Sergio Lizárraga ,Qué Maldición
Nicki Minaj ,Barbie Dreams
j,hope  What if…
Juice WRLD ,Hear Me Calling
Lorde ,Sober
Jarryd James ,Do You Remember
Aretha Franklin ,Chain of Fools
Bon Iver ,iMi
Avril Lavigne ,Love It When You Hate Me
Wiz Khalifa ,Most of Us
Shawn Mendes ,Teach Me How To Love
Luke Christopher ,Lot to Learn
Ed Sheeran ,Don't
Lorde ,Tennis Court
Mumford & Sons ,Just Smoke
Benson Boone ,In The Stars
$uicideboy$ ,Champagne Face
Luke Combs ,Six Feet Apart
YoungBoy Never Broke Again ,Rough Ryder
French Montana ,No Stylist
Major Lazer ,Que Calor
Summer Walker ,Me
Bebe Rexha ,I Can't Stop Drinking About You
Migos ,Dab of Ranch  Recorded at Spotify Studios NYC
Pierce The Veil ,Circles
John Mayer ,Wild Blue
Takeoff ,Lead The Wave
Don McLean ,American Pie
Young Thug ,Jumped Out the Window
Snakehips ,Don't Leave
Mitchell Tenpenny ,Drunk Me
ZAYN ,PILLOWTALK
Jonas Brothers ,Lovebug
Beck ,Heart Is A Drum
Luke Combs ,Every Little Bit Helps
Demi Lovato ,Tell Me You Love Me
The Chainsmokers ,High
Chris Stapleton ,Fire Away
Tom Walker ,Just You and I
Panic! At The Disco ,Death Of A Bachelor
Ozuna ,Aura
Lil Adrei ,Burberry faygo
Anderson .Paak ,The Chase
Famous Dex ,PICK IT UP
Van Halen ,Hot for Teacher  2015 Remaster
NAV ,Young Wheezy
Eminem ,Little Engine
David Bowie ,Oh! You Pretty Things  1999 Remastered Version
Britney Spears ,Toxic
Louis The Child ,Better Not
Tame Impala ,On Track
Kehlani ,F&MU
Drake ,Jumbotron Shit Poppin
Summer Walker ,You Don’t Know Me
BLACKPINK ,Kill This Love
townhall ,Get with You
Summer Walker ,SWV
Biz Markie ,Just a Friend
2 Chainz ,Momma I Hit A Lick
Gunna ,I'M ON SOME
Ed Sheeran ,Perfect
Famous Dex ,Nervous
Shawn Mendes ,Where Were You In The Morning?
David Guetta ,I'm Good (Blue)
Shawn Mendes ,Stitches
Drake ,Way 2 Sexy
Yo Gotti ,Law
Kesha ,Tonight
Machine Gun Kelly ,why are you here
Eminem ,Premonition  Intro
Rod Wave ,Thief In The Night
Lizzo ,Truth Hurts (DaBaby Remix)
Train ,"Hey, Soul Sister"
Jhené Aiko ,Born Tired
Marshmello ,Be Kind
Only The Family ,Crazy Story
Alessia Cara ,Out Of Love
Playboi Carti ,Control
Lil Uzi Vert ,Urgency
Meek Mill ,That's My N****
Echosmith ,Goodbye
J. Cole ,a p p l y i n g . p r e s s u r e
Lil Yachty ,Harley
Kevin Gates ,Kno One
Faith Hill ,Where Are You Christmas
RM ,Still Life
Anuel AA ,Keii
David Guetta ,Yesterday
Zedd ,Addicted To A Memory
Post Malone ,Motley Crew
Mobb Deep ,"Shook Ones, Pt. II"
Chance the Rapper ,Found A Good One (Single No More)
Young Thug ,Icey
Kevin Gates ,Know Better
Major Lazer ,Run Up
Kendrick Lamar ,Mr. Morale
Shawn Mendes ,The Christmas Song (Shawn Mendes & Camila Cabello)
Playboi Carti ,Shoota
Justin Timberlake ,Wave
Martin Garrix ,No Sleep
Moneybagg Yo ,Scorpio
J. Cole ,For Whom The Bell Tolls
The Lumineers ,Life In The City
DaBaby ,SAD SH*T
BLACKPINK ,Love To Hate Me
Kodak Black ,Roll In Peace
2 Chainz ,NCAA
Mitchell Tenpenny ,We Got History
Katy Perry ,Hot N Cold
Jonas Brothers ,What A Man Gotta Do
Moneybagg Yo ,Hard For The Next
Post Malone ,I Know
Herve Pagez ,Spicy  with Diplo & Charli XCX
Bing Crosby ,Do You Hear What I Hear?  Remastered 2006
Trippie Redd ,iPhone
BLACKPINK ,Pink Venom
Gucci Mane ,Mall
Calvin Harris ,Promises
Ty Dolla $ign ,Blasé
Polo G ,Don't Believe The Hype
Lil Durk ,The Voice
Machine Gun Kelly ,die in california
Yeat ,Big tonka
Lil Yachty ,OOPS
Madonna ,Medellín
Ariana Grande ,One Last Time
Adele ,All I Ask
Gunna ,so far ahead > empire
Straight No Chaser ,Text Me Merry Christmas
A Boogie Wit da Hoodie ,Girls Go Down
Iggy Azalea ,Beg For It
Mabel ,Don't Call Me Up
Anne,Marie  Our Song
Trippie Redd ,The Way
Hozier ,Like Real People Do
ILLENIUM ,Good Things Fall Apart
Khalid ,Suncity
Taylor Swift ,This Love (Taylor’s Version)
Kendrick Lamar ,Alright
Future ,Rich $ex
Nat King Cole ,The Christmas Song (Merry Christmas To You)  Remastered 1999
Drake ,Girls Want Girls
Mac Miller ,So It Goes
Nick Jonas ,Close
Tayler Buono ,Technically Single
Imagine Dragons ,I’ll Make It Up To You
Chris Young ,Losing Sleep
21 Savage ,Rap Saved Me
A Boogie Wit da Hoodie ,Notifications
MØ ,Nights With You
Beyoncé ,ALL UP IN YOUR MIND
Roddy Ricch ,High Fashion
Daddy Yankee ,PARA SIEMPRE
OneRepublic ,Counting Stars
Pusha T ,Infrared
Joji ,Dissolve
A Tribe Called Quest ,Buggin' Out
Roddy Ricch ,hibachi
Meek Mill ,The Trillest
SoFaygo ,Knock Knock
Summer Walker ,No Love
$uicideboy$ ,Genesis
Justin Bieber ,Company
YNW Melly ,Two Face
Lil Nas X ,SUN GOES DOWN
CORPSE ,POLTERGEIST!
Mac Miller ,Dunno
Playboi Carti ,Magnolia
Young Dolph ,Major
Sia ,No New Friends
BROCKHAMPTON ,SUGAR
Yo Gotti ,Pose
Chris Cornell ,The Promise
Lorde ,Liability
Mumford & Sons ,Hot Gates
mazie ,dumb dumb
Lil Yachty ,One Night
Troye Sivan ,The Good Side
Post Malone ,Spoil My Night
Sean Kingston ,Eenie Meenie
Keith Urban ,The Fighter
Isaiah Rashad ,True Story
Sia ,Salted Wound
Only The Family ,Hellcats & Trackhawks
Lil Pump ,Racks on Racks
Kanye West ,Jesus Lord pt 2
SZA ,Power is Power
Khalid ,Heaven
JID ,151 Rum
blackbear ,gfy
SZA ,Kill Bill
Lauv ,There's No Way
Camila Cabello ,Liar
Zac Brown Band ,Loving You Easy
The Beatles ,In My Life  Remastered
Ty Dolla $ign ,Pineapple
21 Savage ,Ghostface Killers
Vince Staples ,SUNDOWN TOWN
Logic ,Everybody Dies
Don Toliver ,Double Standards
Metro Boomin ,Walk Em Down (Don't Kill Civilians) [with 21 Savage & feat. Mustafa]
J. Cole ,Hello
Hailee Steinfeld ,Starving
21 Savage ,RIP Luv
DJ Khaled ,STAYING ALIVE
Justin Bieber ,The Feeling
Burl Ives ,A Holly Jolly Christmas  Single Version
Kodak Black ,Codeine Dreaming
Avicii ,The Nights
"Tyler, The Creator ",November
David Guetta ,Stay (Don't Go Away)
Dolly Parton ,"Cuddle Up, Cozy Down Christmas"
Kendrick Lamar ,Mortal Man
One Direction ,Once in a Lifetime
Travis Scott ,WHO? WHAT!
Ella Henderson ,Ghost
Nas ,Nobody
Logic ,Wannabe
Playboi Carti ,Long Time  Intro
Keith Urban ,Somewhere In My Car
Logic ,YSIV
"Tyler, The Creator ",JUGGERNAUT
Joni Mitchell ,River
Beyoncé ,SUMMER RENAISSANCE
KIDS SEE GHOSTS ,Fire
Quality Control ,My Dawg
Tory Lanez ,Broken Promises
Lost Kings ,First Love
Enrique Iglesias ,Bailando  English Version
Selena Gomez ,Back To You
Ed Sheeran ,Shivers
Young Thug ,Killed Before
Little Mix ,Touch
Bring Me The Horizon ,Teardrops
Metro Boomin ,Lock On Me
BTS ,Telepathy
Moneybagg Yo ,GO!
Bring Me The Horizon ,Can You Feel My Heart
Elijah Blake ,I Just Wanna...
Train ,Drops of Jupiter
Lil Peep ,Leanin'
Justin Bieber ,Love Yourself
A R I Z O N A ,Freaking Out
Young Thug ,Boy Back
Big Sean ,Jump Out The Window
Miley Cyrus ,Rainbowland
Justin Timberlake ,Filthy
YUNGBLUD ,11 Minutes
Lewis Capaldi ,Forget Me
Jason Aldean ,Any Ol' Barstool
The Weeknd ,Nothing Is Lost (You Give Me Strength)
Rainbow Kitten Surprise ,It's Called: Freefall
Kenny Chesney ,American Kids
Future ,Incredible
Katy Perry ,Chained To The Rhythm
Logic ,Therapy Music
Lady Gaga ,Plastic Doll
NF ,Lie
Stray Kids ,MANIAC
Sam Smith ,How Do You Sleep?
A$AP Rocky ,Babushka Boi
Trippie Redd ,Holy Smokes
Taylor Swift ,Everything Has Changed
Roddy Ricch ,Twin
R3HAB ,Flames
Bee Gees ,Stayin' Alive  2007 Remastered Version Saturday Night Fever
Kevin Gates ,Big Gangsta
Kendrick Lamar ,Die Hard
The Rare Occasions ,Notion
Martin Garrix ,Dreamer
Vance Joy ,Take Your Time
Lil Wayne ,Surf Swag
Adele ,Love In The Dark
Beck ,Dreams
Ellie Goulding ,Codes
Fred again.. ,Turn On The Lights again..
Rich The Kid ,World Is Yours
Olivia Rodrigo ,good 4 u
Jack Harlow ,Already Best Friends
Noah Kahan ,Stick Season
Logic ,Slave II
Kygo ,Carry Me
KIDS SEE GHOSTS ,Cudi Montage
Logic ,Flexicution
Lil Yachty ,Minnesota
Eminem ,Godzilla
Lil Baby ,Danger
Young Dolph ,Break The Bank
Freddie Gibbs ,Pain & Strife
Rod Wave ,Gone Till November
RAYE ,Escapism.
Jack Harlow ,First Class
Empire Cast ,What Is Love
Blake Shelton ,I'll Name the Dogs
Wale ,Angles
NAV ,Vicodin
Shawn Mendes ,Call My Friends
Rod Wave ,Calling
Lady Gaga ,Telephone
5 Seconds of Summer ,Easier
Kanye West ,Ok Ok
Selena Gomez ,Fetish
Nicki Minaj ,Get On Your Knees
The Jackson 5 ,I Want You Back
Lil Durk ,Petty Too
"Tyler, The Creator ",BLESSED
Lana Del Rey ,Season Of The Witch
Tory Lanez ,Freaky
Future ,Hard Work Pays Off
Jhay Cortez ,Christian Dior
Joey Bada$$ ,GOOD MORNING AMERIKKKA
Marshmello ,Light It Up
Twenty One Pilots ,Neon Gravestones
Koe Wetzel ,Oklahoma Sun
The Weeknd ,Stargirl Interlude
Kacey Musgraves ,Glittery
Marshmello ,Spotlight
Sech ,Relación  Remix
David Guetta ,2U
TOOL ,7empest
Robin Schulz ,Headlights
J. Cole ,The Climb Back
Rich The Kid ,No Question
J Balvin ,Una Nota
21 Savage ,My Choppa Hate Niggas
Miley Cyrus ,Party In The U.S.A.
John Mayer ,I Guess I Just Feel Like
Florida Georgia Line ,I Love My Country
Khalid ,Shot Down
Calvin Harris ,Under Control
Jon Bellion ,JT
PnB Rock ,Selfish
Dan + Shay ,Tequila
Normani ,Checklist
Chance the Rapper ,GRoCERIES
Gayla Peevey ,I Want a Hippopotamus for Christmas (Hippo the Hero)
Fifth Harmony ,Angel
Headie One ,Only You Freestyle
NAV ,No Debate
Drake ,Back To Back
The Beatles ,A Hard Day's Night  Remastered 2009
Nathaniel Rateliff & The Night Sweats ,S.O.B.
Morgan Wallen ,Whiskey Glasses
Lana Del Rey ,Love song
Dominic Fike ,Elliot's Song
JAY,Z  Ni**as In Paris
Lady Gaga ,911  Charli XCX & A. G. Cook Remix
Maroon 5 ,Happy Christmas (War Is Over)
A$AP Mob ,Blowin' Minds (Skateboard)
5 Seconds of Summer ,She's Kinda Hot
Chris Rea ,Driving Home for Christmas  2019 Remaster
BLACKPINK ,Bet You Wanna
Lil Baby ,Commercial
G,Eazy  Moana
Halsey ,Finally // beautiful stranger
Young Thug ,Stupid/Asking
Måneskin ,MAMMAMIA
Joji ,WANTED U
Coldplay ,Yellow
Drake ,Controlla
Young Thug ,Just How It Is
DripReport ,Skechers
Lil Uzi Vert ,You Better Move
Normani ,Motivation
Juice WRLD ,Life's A Mess
Post Malone ,Die For Me
Sam Smith ,Fire On Fire
Young Thug ,Check
Sasha Alex Sloan ,when was it over?
Trippie Redd ,Til The End of Time
Summer Walker ,Fun Girl
Kygo ,Raging
Giveon ,Let Me Go
Anderson .Paak ,Saviers Road
Summer Walker ,Insane
Morgan Wallen ,More Than My Hometown
The Killers ,Blowback
Lana Del Rey ,When The World Was At War We Kept Dancing
The Strokes ,Brooklyn Bridge To Chorus
Post Malone ,Hollywood's Bleeding
Trippie Redd ,Excitement
Cordae ,Have Mercy
The Wombats ,Greek Tragedy
Ariana Grande ,boyfriend
Chris Young ,I'm Comin' Over
Kelly Clarkson ,My Favorite Things
Taylor Swift ,tolerate it
YoungBoy Never Broke Again ,Free Dem 5's
Calvin Harris ,Pray to God
Childish Gambino ,12.38
Hozier ,To Noise Making (Sing)
Lil Nas X ,Old Town Road  Remix
PVRIS ,You and I
Taylor Swift ,coney island
Kodak Black ,Transgression
Sleepy Hallow ,Deep End Freestyle
Ariana Grande ,pov
Ellie Goulding ,Close To Me
BTS ,IDOL
Kygo ,Firestone
Marshmello ,Been Thru This Before
Sam Hunt ,Take Your Time
Meek Mill ,Whatever You Need
Dae Dae ,"Wat U Mean (Aye, Aye, Aye)"
Luke Combs ,Reasons
Quavo ,LAMB TALK
2 Chainz ,"I'm Not Crazy, Life Is"
21 Savage ,4L
Polo G ,Chinatown
Taylor Swift ,All Too Well (Taylor's Version)
Bazzi ,Why
Joji ,COME THRU
blackbear ,me & ur ghost
Daya ,Insomnia
Lil Uzi Vert ,Prices
Red Velvet ,Bad Boy
XXXTENTACION ,before I close my eyes
ZAYN ,BRIGHT
Tiësto ,On My Way
Prxxy ,Blood Moon
Roddy Ricch ,Big Stepper
Coldplay ,Orphans
Soundgarden ,Rusty Cage
Desiigner ,Liife
Pentatonix ,Little Drummer Boy
DaBaby ,RAW SHIT
Young M.A ,OOOUUU
Cash Cash ,Millionaire
Bad Bunny ,Hablamos Mañana
Young Thug ,Road Rage
J. Cole ,Crooked Smile
Mac Miller ,Good News
Steve Lacy ,Static
Rex Orange County ,Always
Future ,Patek Water
Tory Lanez ,I Sip
Fireboy DML ,Peru
blackbear ,hell is where i dreamt of u and woke up alone
Ariana Grande ,successful
Sia ,Together
Red Hot Chili Peppers ,Under The Bridge
"Tyler, The Creator ",I Ain't Got Time!
Diplo ,Heartless
Kendrick Lamar ,Crown
Fuerza Regida ,Bebe Dame
Troye Sivan ,Angel Baby
21 Savage ,Bad Business
Dreamville ,Ghetto Gods Freestyle
Steve Lacy ,Sunshine
Drake ,Don’t Matter To Me
J Balvin ,Gris
Sam Smith ,I'm Not The Only One
Nicky Jam ,X  Remix
DJ Scheme ,Buck 50
Adam Lambert ,Ghost Town
Thomas Rhett ,TShirt
System Of A Down ,Protect The Land
JACKBOYS ,GATTI
Lorde ,Green Light
Matoma ,False Alarm
Miley Cyrus ,Week Without You
Bebe Rexha ,I'm a Mess
Still Woozy ,Woof
Meek Mill ,Intro
Rod Wave ,Ribbon In The Sky
Logic ,Pretty Young Girl
Sugarland ,Babe
Thurl Ravenscroft ,"You're A Mean One, Mr. Grinch"
Rich Brian ,Crisis
The Weeknd ,True Colors
Calvin Harris ,Rollin
Avicii ,You Be Love
NAV ,Good Intentions (Intro)
Paulo Londra ,Adan y Eva
Billy Currington ,Do I Make You Wanna
Andrew Andraos ,Amazing Grace
Moneybagg Yo ,Free Promo
Trippie Redd ,Underwater FlyZone
Twenty One Pilots ,Jumpsuit
Daft Punk ,Harder Better Faster Stronger
Rich The Kid ,4 Phones
Møme ,Aloha
Kendrick Lamar ,untitled 04 | 08.14.2014.
Zach Bryan ,Younger Years
Future ,Jumpin on a Jet
Lil Wayne ,Get Outta My Head (ft. XXXTentacion)
Kid Cudi ,Want It Bad
Khalid ,Satellite
HARDY ,wait in the truck
Ed Sheeran ,Dive
Maroon 5 ,Memories
Jay Rock ,Tap Out
R. Kelly ,Ignition  Remix
Joey Bada$$ ,Brand New 911
Trippie Redd ,Pegasus
Kanye West ,Waves
YoungBoy Never Broke Again ,Top Sound
The Chainsmokers ,This Feeling
Gesaffelstein ,Lost in the Fire
The Head And The Heart ,Winter Song
Mustard ,On GOD
GoldLink ,Days Like This
Stephen Sanchez ,Until I Found You
Lil Baby ,Still Hood
Mike WiLL Made,It  What That Speed Bout!?
Eslabon Armado ,Tal Vez
XXXTENTACION ,Look At Me!
Drake ,That’s How You Feel
ZAYN ,A Whole New World (End Title)
Rae Sremmurd ,Throw Sum Mo
Florida Georgia Line ,Second Guessing
Mabel ,Mad Love
Gotye ,Somebody That I Used To Know
Eminem ,Normal
Young Thug ,Up
Lana Del Rey ,Chemtrails Over The Country Club
Selena Gomez ,Same Old Love
Cage The Elephant ,Cigarette Daydreams
Sofia Karlberg ,Crazy in Love
Young Thug ,Circle of Bosses
Nicki Minaj ,Feeling Myself
The Chainsmokers ,Beach House
SZA ,Low
Troye Sivan ,BITE
Arctic Monkeys ,Tranquility Base Hotel & Casino
2 Chainz ,Dead Man Walking
*NSYNC ,"Merry Christmas, Happy Holidays"
Young Thug ,Light It Up
Ariana Grande ,Sometimes
Machine Gun Kelly ,Glass House
Justin Bieber ,Love You Different
Missy Elliott ,Get Ur Freak On
Lil Tecca ,Ransom
Pop Smoke ,Mood Swings
Cardi B ,Please Me
Ariana Grande ,Into You
Brett Eldredge ,No Stopping You
Migos ,Too Much Jewelry
Nigo ,Heavy
Rae Sremmurd ,This Could Be Us
Lou Monte ,Dominick the Donkey (The Italian Christmas Donkey)
Fall Out Boy ,Immortals
A Boogie Wit da Hoodie ,Luv Is Art
Lil Uzi Vert ,That's A Rack
Future ,DOH DOH
Machine Gun Kelly ,mainstream sellout
Kendrick Lamar ,FEAR.
Nick Jonas ,2Drunk
The Temptations ,My Girl
Lil Wayne ,Hittas
Pusha T ,Santeria
J Balvin ,Ten Cuidado  Pokémon 25 Version
Porky Slim ,Space Legend
Billie Eilish ,Bored
Polo G ,Bloody Canvas
Lady Gaga ,Sine From Above
Andy Williams ,Sleigh Ride
System Of A Down ,Chop Suey!
Drake ,Race My Mind
Foals ,What Went Down
D'Angelo ,Betray My Heart
Offset ,Quarter Milli
Billie Eilish ,i love you
Yellow Claw ,In My Room
King Von ,War
Trippie Redd ,Can You Rap Like Me  Pt. 2
Future ,Touch The Sky
Trippie Redd ,Chosen
Eslabon Armado ,VETE A LA FREGADA
Rauw Alejandro ,PUNTO 40
NAV ,A$AP Ferg
One Direction ,Temporary Fix
MadeinTYO ,Ned Flanders
NOTD ,So Close
ROSALÍA ,CANDY
Halsey ,Alone (Feat. Big Sean & Stefflon Don)
Tame Impala ,Glimmer
Oliver Tree ,Life Goes On
Soundgarden ,Outshined
Migos ,Birthday
Snakehips ,All My Friends
Russ ,3AM
Eminem ,Tragic Endings
Don Toliver ,You
Lil Nas X ,DOLLA SIGN SLIME
P!nk ,A Million Dreams
Eminem ,Remind Me
Major Lazer ,Lay Your Head On Me
Nic D ,Fine Apple
J. Cole ,l e t . g o . m y . h a n d
Lil Tjay ,Run It Up
POWERS ,Loved by You
SZA ,Special
Arctic Monkeys ,Do I Wanna Know?
SleazyWorld Go ,Sleazy Flow
Pop Smoke ,Hotel Lobby
Lil Uzi Vert ,Dark Queen
Sam Smith ,One Last Song
Kehlani ,Feels
blink,182  No Future
Kid Rock ,All Summer Long
Big Sean ,Respect It
Gucci Mane ,Shit Crazy
Bring Me The Horizon ,Obey
Michael Bublé ,Cold December Night
Bad Bunny ,Que Malo
Tory Lanez ,Hate To Say
Kiiara ,Feels  Jai Wolf Remix
Trippie Redd ,Taking A Walk
Chris Stapleton ,Whiskey And You
The Proclaimers ,I'm Gonna Be (500 Miles)
Beyoncé ,BIGGER
Fivio Foreign ,City of Gods
Bo Burnham ,Bezos II
Lil Wayne ,Let It Fly
Gryffin ,Whole Heart
Bryson Tiller ,Set It Off
Beyoncé ,Sorry
Wiz Khalifa ,Penthouse
Ludacris ,S.O.T.L. (Silence of the Lambs)
James Blake ,Mile High
Maluma ,Qué Pena
Kygo ,Fragile
Logic ,One Day
Carlie Hanson ,Only One
Rae Sremmurd ,Bedtime Stories
Porter Robinson ,Get Your Wish
benny blanco ,I Found You
Metro Boomin ,On Time
XXXTENTACION ,SAD!
Florida Georgia Line ,Anything Goes
Lil Peep ,Awful Things
A Boogie Wit da Hoodie ,Pull Up
G,Eazy  Still Be Friends
G,Eazy  Don't Let Me Go
Lil Peep ,Benz Truck  гелик
Foo Fighters ,Run
MUNA ,Winterbreak  Tiësto's Deep House Remix
Future ,WAIT FOR U
Bill Withers ,Lean on Me
Kygo ,Not Ok
iSHi ,Push It
Logic ,A2Z
Lorde ,Dominoes
Chris Brown ,Overtime
Gwen Stefani ,Misery
Sech ,Te Acuerdas
Khalid ,Vertigo
Burl Ives ,Rudolph The RedNosed Reindeer
Future ,Photo Copied
Big Sean ,Even The Odds (& Metro Boomin)
Ed Sheeran ,One
Marilyn Manson ,This is Halloween  Pop Version
blackbear ,Short Kings Anthem
Gucci Mane ,Miss My Woe
The Lumineers ,Stubborn Love
Eminem ,Gnat
Rihanna ,Pon de Replay
Lil Uzi Vert ,Bigger Than Life
J. Cole ,i n t e r l u d e
Bon Iver ,AUATC
Gunna ,TOP FLOOR
Olly Murs ,Beautiful to Me
J. Cole ,Work Out
Meek Mill ,Wit The Shits (W.T.S)
Drake ,Demons
Chance the Rapper ,Finish Line / Drown
Baby Keem ,south africa
Gunna ,too easy (Remix)
Meek Mill ,Litty
Big Sean ,The Baddest
Avicii ,I Could Be The One (Avicii Vs. Nicky Romero)  Nicktim / Radio Edit
Offset ,How Did I Get Here
21 Savage ,all my friends
Joji ,ATTENTION
Ed Sheeran ,New Man
Pop Smoke ,Gangstas
The Beatles ,Can't Buy Me Love  Remastered
Sam Hunt ,House Party
Lil Skies ,Riot
Polo G ,GANG GANG
Shallou ,Begin
6LACK ,Seasons
Beyoncé ,Freedom
Labrinth ,I'm Tired
Roddy Ricch ,Ghetto Superstar
Catfish and the Bottlemen ,Homesick
Yeat ,Talk
Latto ,Big Energy
Robin Schulz ,Sugar
Future ,712PM
The 1975 ,Chocolate
Lauv ,Easy Love
Rex Orange County ,KEEP IT UP
T,Pain  Buy U a Drank (Shawty Snappin')
Solange ,Binz
Jason Derulo ,Wiggle
Lady Gaga ,Poker Face
Kanye West ,I Love Kanye
Young Stoner Life ,Proud of You
Tom Petty and the Heartbreakers ,Into The Great Wide Open
BTS ,Friends
Drake ,Sneakin’
Little Mix ,Hair
YoungBoy Never Broke Again ,Fire Stars
YoungBoy Never Broke Again ,Okay
John Prine ,In Spite of Ourselves
Maroon 5 ,Harder To Breathe
Linkin Park ,One Step Closer
J. Cole ,January 28th
The Chainsmokers ,It Won't Kill Ya
Young Thug ,On The Run
Lady Gaga ,Just Another Day
The Chainsmokers ,Last Day Alive
Luke Bryan ,Strip It Down
FKA twigs ,holy terrain
Ariana Grande ,bloodline
ILLENIUM ,Blame Myself
XXXTENTACION ,NUMB
Logic ,Pardon My Ego
Ariana Grande ,six thirty
A$AP Rocky ,Sandman
BROCKHAMPTON ,DISTRICT
Sam Smith ,Love Me More
The Vamps ,Somebody To You
Harry Styles ,Kiwi
Bazzi ,I Don't Think I'm Okay
Tove Lo ,Keep It Simple
NAV ,Interstellar
Calvin Harris ,Dollar Signs
Mustard ,Whole Lotta Lovin'
Diplo ,Color Blind
Machine Gun Kelly ,ay!
Iggy Azalea ,Team
Michael Jackson ,Thriller  2003 Edit
Kodak Black ,Pimpin Ain't Eazy
James Blunt ,You're Beautiful
21 Savage ,good day
Twenty One Pilots ,Nico And The Niners
Wiz Khalifa ,Contact
Luke Bryan ,"Huntin', Fishin' And Lovin' Every Day"
No Name No Fame ,Swervin' In My Lane
ScHoolboy Q ,Tales
Eminem ,Lucky You
NAV ,Up
Blvckengineer ,How They Move
Takeoff ,None To Me
Gucci Mane ,At Least a M
Taylor Swift ,closure
Lil Uzi Vert ,Seven Million
Meek Mill ,Heavy Heart
David Bowie ,Dollar Days
Mac Miller ,Come Back to Earth
The Beatles ,Blackbird  Remastered
Yo Gotti ,Castro
G,Eazy  Hate The Way
Mac Miller ,Right
Russ ,BEST ON EARTH
Aventura ,Inmortal
2 Chainz ,Riverdale Rd
Bryson Tiller ,Run Me Dry
Afrojack ,SummerThing!
Cheat Codes ,Sex
Meek Mill ,R.I.C.O.
for KING & COUNTRY ,Little Drummer Boy
Liam Payne ,Strip That Down
Travis Scott ,SICKO MODE
Clairo ,Sofia
Daniel Caesar ,SUPERPOSITION
Young Stoner Life ,Solid
BTS ,Make It Right
Kanye West ,Violent Crimes
Future ,Stripes Like Burberry
Lil Uzi Vert ,That Way
Logic ,BOBBY
Soundgarden ,Black Hole Sun
Playboi Carti ,JumpOutTheHouse
Logic ,A Word From Our Sponsor
Lil Wayne ,Dreams
Vince Staples ,So What?  Episode 01
Anitta ,Envolver
Flo Rida ,Cake  Challenge Version
NF ,Options
Riley Green ,If It Wasn’t For Trucks
Lil Uzi Vert ,Yessirskiii
Don Toliver ,Spaceship
Selena Gomez ,Revival
Tech N9ne ,Face Off
Lil Yachty ,DAS CAP
21 Savage ,Mad Stalkers
Drake ,Nonstop
Imagine Dragons ,Mouth Of The River
The Black Keys ,Howlin' For You
Maliibu N Helene ,Figure 8
NLE Choppa ,Bryson
Lil Wayne ,Took His Time
Queen ,Killer Queen  Remastered 2011
Lil Nas X ,SCOOP
Justin Bieber ,Children
Kodak Black ,Gnarly
Takeoff ,Insomnia
Grouplove ,Tongue Tied
Bo Burnham ,FaceTime with my Mom (Tonight)
Lana Del Rey ,Happiness is a butterfly
Ugly God ,Welcome to the Booty Tape
Fort Minor ,Welcome
Lil Wayne ,Believe Me
The Weeknd ,Sacrifice
Migos ,Beast
G,Eazy  Breakdown
Nelly ,The Fix
Post Malone ,A Thousand Bad Times
Justin Bieber ,No Sense
Erica Banks ,Buss It
MadeinTYO ,Uber Everywhere
Bruno Major ,Nothing
Billie Eilish ,No Time To Die
blink,182  Teenage Satellites
JID ,Westbrook
Charlie Puth ,Patient
Charli XCX ,Hanging Around
Vince Guaraldi Trio ,Christmas Time Is Here  Vocal  Album Version
Lil Durk ,Pissed Me Off
Will Dailey ,Higher Education
NF ,Time  Extended
The Weeknd ,Ordinary Life
Juice WRLD ,Not Enough
A,Wall  Loverboy
Morgan Wallen ,One Thing At A Time
Chris Brown ,This Christmas
Bo Burnham ,30
Internet Money ,Flossin’
LANY ,ex i never had
Bryson Tiller ,Let Me Explain
Troye Sivan ,Bloom
Trio Vegabajeño ,CANTARES DE NAVIDAD
Eminem ,Fall
Future ,CHICKENS
Hozier ,Angel of Small Death and the Codeine Scene
Halsey ,Haunting
Aaliyah ,Poison
Bazzi ,No Way!
Kristen Bell ,Some Things Never Change
AWOLNATION ,Sail
Post Malone ,Paranoid
Clairo ,Blouse
Travis Scott ,ESCAPE PLAN
Kehlani ,Bad News
Kygo ,Gone Are The Days
XXXTENTACION ,Rebirth (2016)
Van Halen ,Runnin' with the Devil  2015 Remaster
Majid Jordan ,Gave Your Love Away
The Beatles ,Penny Lane  Remastered
Olivia Rodrigo ,enough for you
Joji ,High Hopes
Post Malone ,Wow.  Remix
PinkPantheress ,Boy's a liar
Yahritza Y Su Esencia ,Inseparables
Taylor Swift ,Question...?
Bo Burnham ,Goodbye
Kings of Leon ,Over
Nick Jonas ,Under You
Kings of Leon ,Find Me
The Lumineers ,BRIGHTSIDE
Roar ,I Can't Handle Change
2Pac ,Ambitionz Az A Ridah
Anne,Marie  Alarm
Mike Posner ,I Took A Pill In Ibiza  Seeb Remix
Ariana Grande ,I Don't Care
Jason Derulo ,Broke
Logic ,I Am The Greatest
Anderson .Paak ,King James
Daniel Caesar ,LOVE AGAIN
21 Savage ,letter 2 my momma
Justin Timberlake ,Morning Light
Khalid ,Location
Mark Ronson ,I Can't Lose
Kid Ink ,Show Me
Eminem ,Killer
Maroon 5 ,Lost
Lil Skies ,I Know You
Ariana Grande ,raindrops (an angel cried)
Death Cab for Cutie ,Little Wanderer
Quality Control ,Too Hotty
J. Cole ,Fire Squad
Lil Baby ,Deep End (Lil Baby & Gunna)
Justin Timberlake ,Livin' Off the Land
Fall Out Boy ,Champion
N.W.A. ,Fuck Tha Police
Brent Faiyaz ,FYTB (FEAT. JOONY)
Russ ,RENT FREE
"Tyler, The Creator ",SAFARI
Kendrick Lamar ,LUST.
Hilary Duff ,All About You
XXXTENTACION ,Carry On
Dan + Shay ,Officially Christmas
Summer Walker ,Circus
Camila Cabello ,In the Dark
Wizkid ,Essence
Tom Petty ,Runnin' Down A Dream
Green Day ,Bang Bang
5 Seconds of Summer ,Lie To Me
Kanye West ,No More Parties In LA
Bryson Tiller ,Nevermind This Interlude
The Weeknd ,I Heard You’re Married
Bing Crosby ,What Child Is This/The Holly And The Ivy  Medley / Remastered 2006
Brent Faiyaz ,SKIT: OBLIVION
Taylor Swift ,Jump Then Fall (Taylor’s Version)
Imagine Dragons ,Yesterday
Mac Miller ,Hand Me Downs
Megan Thee Stallion ,NDA
David Guetta ,Let's Love
Machine Gun Kelly ,twin flame
Louis Tomlinson ,Miss You
YoungBoy Never Broke Again ,Bout My Business
Dennis Lloyd ,Nevermind
Lil Yachty ,Better
Lana Del Rey ,Dark But Just A Game
PARTYNEXTDOOR ,Come and See Me
Eminem ,Unaccommodating
blackbear ,top priority
Lord Huron ,The Night We Met
Moneybagg Yo ,Shottas (Lala)
ZHU ,Dreams
HAIM ,Now I'm In It
Summer Walker ,Toxic
Dustin Lynch ,Small Town Boy
Brent Faiyaz ,PRICE OF FAME
Ariana Grande ,worst behavior
Baby Keem ,pink panties
Young Thug ,Yea Yea Yea
Taylor Swift ,right where you left me  bonus track
iann dior ,Darkside
A$AP Rocky ,M'$
YoungBoy Never Broke Again ,Callin
Vince Staples ,LAW OF AVERAGES
Beyoncé ,MOVE
Morgan Wallen ,Need A Boat
Bryson Tiller ,Rain Interlude
Bo Burnham ,White Woman’s Instagram
Kelsea Ballerini ,the other girl
Britney Spears ,My Only Wish (This Year)
The Weeknd ,As You Are
Mac Miller ,Small Worlds
Quavo ,HUNCHO DREAMS
Kanye West ,God Is
YUNGBLUD ,acting like that
Trippie Redd ,Molly Hearts
Drake ,Nothings Into Somethings
Stone Temple Pilots ,Interstate Love Song
Drake ,Childs Play
Billie Eilish ,COPYCAT
A Boogie Wit da Hoodie ,Just Like Me
Future ,Flip
Calvin Harris ,Stay With Me
Imagine Dragons ,Trouble
Disney Characters ,This Is Halloween
Lil Baby ,Life Goes On
Lee Brice ,Soul
Flo Rida ,Hello Friday
Big Sean ,Loyal To A Fault
Emmy Meli ,I AM WOMAN
Miguel ,face the sun
Khalid ,My Bad
3 Doors Down ,Kryptonite
Leon Bridges ,Steam
Kacey Musgraves ,hookup scene
NAV ,Spend It
GAYLE ,abcdefu
Kacey Musgraves ,what doesn’t kill me
Tom Petty and the Heartbreakers ,Even The Losers
2 Chainz ,2 Dollar Bill
Lil Wayne ,Dope New Gospel
YoungBoy Never Broke Again ,On My Side
Nicki Minaj ,Barbie Tingz
Rich The Kid ,New Freezer
Arctic Monkeys ,The World's First Ever Monster Truck Front Flip
YoungBoy Never Broke Again ,Cross Roads
David Bowie ,Let's Dance  1999 Remaster
Jack Harlow ,WHATS POPPIN
Madvillain ,Accordion
$uicideboy$ ,The Number You Have Dialed Is Not in Service
Musical Youth ,Pass The Dutchie
Ty Dolla $ign ,Darkside
BTS ,Best Of Me
Dream ,Change My Clothes
Fabolous ,Ooh Yea
"Tyler, The Creator ",SMUCKERS
P!nk ,Beautiful Trauma
Nipsey Hussle ,Double Up
Cash Cash ,All My Love
Big Sean ,Paradise  Extended
Flyboy Tarantino ,"Love Hard, Fall Fast"
George Ezra ,"White Christmas  Spotify Singles  Holiday, Recorded at Air Studios, London"
Family of the Year ,Hero
The Weeknd ,Often
Morgan Wallen ,Sand In My Boots
LANCO ,Born to Love You
Big Sean ,Sacrifices
The 1975 ,Love Me
Drake ,Lemon Pepper Freestyle
Bo Burnham ,Bezos I
Trippie Redd ,Topanga
Post Malone ,rockstar
JENNIE ,SOLO
Kid Cudi ,Releaser
ZAYN ,Let Me
Paramore ,Forgiveness
Justin Bieber ,We Are
NF ,LOST
TOOL ,Fear Inoculum
Sugar Ray ,Fly
Tove Lo ,Disco Tits
Joey Bada$$ ,Paper Trail$
NLE Choppa ,Camelot
TOOL ,Chocolate Chip Trip
J Balvin ,Morado
Post Malone ,Sugar Wraith
Machine Gun Kelly ,make up sex
GASHI ,Creep On Me
Jameson Rodgers ,Cold Beer Calling My Name
Bo Burnham ,Don't Wanna Know
Mark Ronson ,Uptown Funk
Perry Como ,Christmas Dream
NAV ,Playa
Cardi B ,Drip
Tory Lanez ,Broke In A Minute
Kanye West ,Facts (Charlie Heat Version)
Imagine Dragons ,Natural
J. Cole ,No Role Modelz
Demi Lovato ,Anyone
Charlie Puth ,That's Hilarious
Martin Garrix ,In the Name of Love
Future ,Stick Talk
Paper Route EMPIRE ,Proud
Kanye West ,Wash Us In The Blood
Takeoff ,I Remember
Florida Georgia Line ,Sun Daze
Michael Bublé ,Mis Deseos / Feliz Navidad (duet with Thalia)
Travis Scott ,STOP TRYING TO BE GOD
Playboi Carti ,Fell In Luv
Panic! At The Disco ,Viva Las Vengeance
Joji ,XNXX
Big Sean ,I Don't Fuck With You
Juice WRLD ,My Life In A Nutshell
Desiigner ,Panda
Juice WRLD ,Go Hard 2.0
J. Cole ,Love Yourz
Eric Church ,Like A Wrecking Ball
24kGoldn ,VALENTINO
George Michael ,Freedom! '90
Kane Brown ,Blessed & Free
YNW Melly ,Billboard
Mayar Jenisk ,Longing Heart
Jennifer Ormond ,Without You
Rae Sremmurd ,Swang
DJ Khaled ,Down for Life
The Kid LAROI ,OVER YOU
Maroon 5 ,Wait
Chance the Rapper ,The Big Day
David Bowie ,Golden Years  1999 Remastered Version
One Direction ,Home
Meek Mill ,Cold Hearted II
PARTYNEXTDOOR ,Only U
TOOL ,Descending
Bad Bunny ,MALDITA POBREZA
Skylar Grey ,I Know You
Burl Ives ,Rudolph The RedNosed Reindeer  Finale
Luke Combs ,Beautiful Crazy
Travis Scott ,Pray 4 Love
DJ Drama ,Wishing
Joyner Lucas ,Ye Not Crazy
Key Glock ,Something Bout Me
Wale ,Routine
iLoveMemphis ,Hit the Quan  Original Version
Alan Walker ,Darkside
Doja Cat ,Vegas (From the Original Motion Picture Soundtrack ELVIS)
Twenty One Pilots ,Good Day
Darlene Love ,A Marshmallow World
Jenny Duncan ,
Tory Lanez ,Pieces
Conan Gray ,Yours
Lana Del Rey ,Freak
Ed Sheeran ,First Times
Aretha Franklin ,(You Make Me Feel Like) A Natural Woman
lovelytheband ,broken
Naughty Boy ,Runnin' (Lose It All)
Eagles ,Please Come Home for Christmas  Eagles 2013 Remaster
The Citizens of Halloween ,This Is Halloween
NLE Choppa ,Make Em Say
5 Seconds of Summer ,Broken Home
Kodak Black ,Versatile
Logic ,Everybody
Luke Combs ,South On Ya
Meek Mill ,Believe
24kGoldn ,CITY OF ANGELS
G,Eazy  What If
Roddy Ricch ,Die Young
Bazzi ,I Like That
Kane Brown ,Good as You
G.R.L. ,Ugly Heart
50 Cent ,P.I.M.P.
Electric Light Orchestra ,Mr. Blue Sky
Chance the Rapper ,My Own Thing
Lil Tecca ,REPEAT IT
Disclosure ,Good Intentions
Kygo ,I'm in Love
Childish Gambino ,32.22
Pentatonix ,Hark! The Herald Angels Sing
CORPSE ,EGIRLS ARE RUINING MY LIFE!
Halsey ,3am
Roddy Ricch ,paid my dues
Tyla Yaweh ,Tommy Lee
Kodak Black ,Coolin and Booted
Gunna ,RELENTLESS
ScHoolboy Q ,Man Of The Year
One Direction ,Where Do Broken Hearts Go
Galantis ,Gold Dust
Juice WRLD ,Anxiety  Intro
Future ,Massage In My Room
Britney Spears ,Do You Wanna Come Over?
Lady Gaga ,Just Dance
Ty Dolla $ign ,Purple Emoji
Nelly ,Ride Wit Me
Cold War Kids ,First
Wiz Khalifa ,Rain
Sabrina Carpenter ,Nonsense
A$AP Mob ,Way Hii
Sam Smith ,I’m Ready
A Boogie Wit da Hoodie ,Playa
A Boogie Wit da Hoodie ,Right Back
Kanye West ,Water
Birdy ,Skinny Love
"Tyler, The Creator ",MANIFESTO
Logic ,Contact
A Boogie Wit da Hoodie ,Startender
ScHoolboy Q ,Drunk
Grouplove ,Welcome To Your Life
alt,J  Every Other Freckle
The Weeknd ,Secrets
Jonas Brothers ,Burnin' Up
Shakira ,"Whenever, Wherever"
Doja Cat ,Need To Know
Trippie Redd ,Miss The Rage
King Von ,I Am What I Am
Harry Styles ,Matilda
Nipsey Hussle ,Last Time That I Checc'd
Bleachers ,Secret Life
Vice ,Obsession
Lil Yachty ,TALK TO ME NICE
YoungBoy Never Broke Again ,Rich Shit
Playboi Carti ,Teen X
XXXTENTACION ,I Don't Wanna Do This Anymore
Chance the Rapper ,All We Got
Lil Baby ,Lying
YoungBoy Never Broke Again ,Fuck Da Industry
Mac Miller ,Everybody
Gucci Mane ,ICE
VIC MENSA ,Down On My Luck
NF ,PAID MY DUES
Gunna ,Cash War
BROCKHAMPTON ,WEIGHT
Tory Lanez ,SKAT
Ellie Goulding ,Something In The Way You Move
DeJ Loaf ,Try Me
DJ Khaled ,Pull a Caper
Kehlani ,Can You Blame Me
Linkin Park ,Runaway
Priory ,Weekend
John Mellencamp ,Small Town
Juice WRLD ,Big
Chris Stapleton ,Parachute
Dierks Bentley ,Drunk On A Plane
Big Sean ,Guard Your Heart
Calvin Harris ,Open Wide
The Chainsmokers ,New York City
Vampire Weekend ,Sympathy
N.E.R.D ,Lemon  Drake Remix
Polo G ,Broken Guitars
Joji ,SLOW DANCING IN THE DARK
$uicideboy$ ,1000 Blunts
Bing Crosby ,It's Beginning To Look Like Christmas
Grouplove ,Good Morning
David Bowie ,I Can't Give Everything Away
Chris Brown ,No Guidance
Lil Pump ,Foreign
Dillon Francis ,All That
Taylor Swift ,Red
BANKS ,Beggin For Thread
Alicia Keys ,Blended Family (What You Do For Love)
Bryson Tiller ,Get Mine
Eric Church ,Talladega
6ix9ine ,TROLLZ
Keys N Krates ,Music To My Ears
Coldplay ,Higher Power
4*TOWN (From Disney and Pixar’s Turning Red) ,Nobody Like U
Money Man ,24
ILOVEMAKONNEN ,Love
iann dior ,shots in the dark
Major Lazer ,Hell and High Water
Temple Of The Dog ,Hunger Strike
21 Savage ,Immortal
Kanye West ,Freestyle 4
Blake Shelton ,Gonna
Steve Lacy ,Mercury
Taylor Swift ,AntiHero
Zach Bryan ,Late July
Kendrick Lamar ,The Heart Part 4
Matthew Wilder ,Break My Stride
Juice WRLD ,"The Man, The Myth, The Legend  Interlude"
Post Malone ,Circles
Machine Gun Kelly ,Bad Things
Gucci Mane ,Gucci Please
The Lumineers ,WHERE WE ARE
$uicideboy$ ,BUCKHEAD
Mitski ,Everyone
NAV ,Saint Laurenttt
Sam Smith ,Dancing With A Stranger
Taylor Swift ,The Lucky One (Taylor's Version)
Selena Gomez ,Kinda Crazy
Bo Burnham ,Shit
Nessa Barrett ,la di die
A Boogie Wit da Hoodie ,Numbers
Tion Wayne ,Body (Remix)
Isaiah Rashad ,Hey Mista
Kiiara ,Wishlist
Anderson .Paak ,Anywhere
Kygo ,Kids in Love
Michael Bublé ,Santa Baby
G,Eazy  But A Dream
Kodak Black ,Too Many Years
dvsn ,I Believed It
Elvis Presley ,O Little Town of Bethlehem
Fifth Harmony ,Sledgehammer
Giveon ,HEARTBREAK ANNIVERSARY
RL Grime ,Light Me Up
Perry Como ,(There's No Place Like) Home for the Holidays  1959 Version
YG ,Out On Bail
ZAYN ,TiO
Young Stoner Life ,Pots N Pans
Ugly God ,No Lies
ScHoolboy Q ,Floating
Benson Boone ,GHOST TOWN
Eminem ,Untouchable
Michael Bublé ,Christmas (Baby Please Come Home)
Calvin Harris ,Holiday
Liam Payne ,Bedroom Floor
Nas ,Not For Radio
Playboi Carti ,Not PLaying
Halsey ,You should be sad
YNW Melly ,Mixed Personalities
Gunna ,MOTW
Lil Wayne ,Ball Hard (ft. Lil Twist)
Lennon Stella ,La Di Da
B.o.B ,Not For Long
Ariana Grande ,Knew Better / Forever Boy
Taylor Swift ,evermore
Imagine Dragons ,Thunder / Young Dumb & Broke
Twenty One Pilots ,We Don't Believe What's on TV
Lorde ,Liability (Reprise)
Yung Gravy ,C'est La Vie
Jaudy ,Gatalo To
Hozier ,Jackie and Wilson
Of Monsters and Men ,Empire
Glass Animals ,Tokyo Drifting
Tee Grizzley ,Jettski Grizzley
Trippie Redd ,Love Scars 4
A$AP ANT ,The God Hour
Bruce Springsteen ,"Santa Claus Is Comin' to Town  Live at C.W. Post College, Greenvale, NY  December 1975"
Future ,Astronauts
DJ Khaled ,Freak N You
Quavo ,SWING
Chris Brown ,Undecided
Kanye West ,Come to Life
Taylor Swift ,Sweet Nothing
Grupo Frontera ,No Se Va  En Vivo
Wiz Khalifa ,King of Everything
Echosmith ,Bright
BANNERS ,Shine A Light
Post Malone ,Enemies
YoungBoy Never Broke Again ,Bring The Hook
The Beatles ,All You Need Is Love  Remastered
Justin Bieber ,Trust
Miley Cyrus ,Angels Like You
JACKBOYS ,WHAT TO DO?
Lil Baby ,No Sucker
Kanye West ,Black Skinhead
Kanye West ,Lord I Need You
Elton John ,Always Love You
Cults ,Gilded Lily
A$AP Rocky ,Max B
John Mayer ,Changing
A$AP Ferg ,New Level
Chance the Rapper ,Smoke Break
Charli XCX ,Boom Clap
Maluma ,Sobrio
Tory Lanez ,Jerry Sprunger
Dean Martin ,Rudolph The RedNosed Reindeer
Olivia Rodrigo ,drivers license
Imagine Dragons ,Believer
Meghan Trainor ,My Kind Of Present
Paul Simon ,Me and Julio Down by the Schoolyard
ScHoolboy Q ,Black Folk
Ariana Grande ,Bad To You
Kanye West ,Junya
Bad Bunny ,RONCA FREESTYLE
Nicki Minaj ,Boss Ass Bitch
BTS ,All Night (BTS World Original Soundtrack) [Pt. 3]
Lil Baby ,Sum 2 Prove
Polo G ,Relentless
Britney Spears ,Make Me...
Billie Eilish ,GOLDWING
J Balvin ,Cuando Tú Quieras
iann dior ,Pretty Girls
Drake ,Big Rings
Kanye West ,Tell The Vision
Lauv ,Modern Loneliness
Mary Lambert ,Secrets
Charlie Puth ,Mother
Khalid ,9.13
DNCE ,Toothbrush
Hailey Whitters ,Everything She Ain’t
Don Toliver ,Crossfaded
GloRilla ,Tomorrow 2
Baby Keem ,vent
JoJo ,Fuck Apologies
Travis Scott ,BUTTERFLY EFFECT
The Chainsmokers ,Siren
Dreamville ,Down Bad
Nelly Furtado ,Maneater
Belly ,What You Want
Miley Cyrus ,Younger Now
Ellie Goulding ,Worry About Me
Rihanna ,Desperado
Russ ,AINT GOIN BACK
Kanye West ,Pt. 2
BURNS ,Hands On Me
Post Malone ,Im Gonna Be
DJ Khaled ,Good Man
BIA ,WHOLE LOTTA MONEY
ZAYN ,Still Got Time
Becky G ,Sin Pijama
Major Lazer ,Can't Take It From Me
Ariana Grande ,Wit It This Christmas
Grimes ,VIOLENCE
The Weeknd ,Shameless
OneRepublic ,No Vacancy
ScHoolboy Q ,JoHn Muir
Tyla Yaweh ,Stuntin' On You
Playboi Carti ,Love Hurts
Nas ,White Label
Sia ,Snowman  Sped Up Version
Nat King Cole ,The Happiest Christmas Tree
Kanye West ,Clique
Drake ,The Language
6LACK ,Elephant In The Room
Camila Cabello ,Bam Bam
Ed Sheeran ,Bibia Be Ye Ye
Russ ,Paranoid
Playboi Carti ,No Time
Mustard ,Want Her
Dua Lipa ,Pretty Please
Anuel AA ,Jangueo
Chance the Rapper ,Lost
Dua Lipa ,We're Good
Rihanna ,Lift Me Up
Gerry Rafferty ,Right Down the Line
Ellie Goulding ,On My Mind
J Balvin ,Qué Más Pues?
21 Savage ,Bank Account
KIDS SEE GHOSTS ,Kids See Ghosts
Meat Loaf ,I'd Do Anything For Love (But I Won't Do That)  Single Edit
P!nk ,"Just Like Fire (From the Original Motion Picture ""Alice Through The Looking Glass"")"
Lana Del Rey ,Bartender
YoungBoy Never Broke Again ,Murder Business
Bazzi ,Beautiful
Kygo ,For What It's Worth
Surfaces ,Learn To Fly
Troye Sivan ,WILD
Drake ,After Dark
Sebastian Yatra ,Pareja Del Año
NAV ,Nasty
Mac Miller ,Angel Dust
Baby Keem ,16
Roddy Ricch ,moved to miami
French Montana ,A Lie
Avicii ,Hey Brother
Linkin Park ,Heavy
Kendrick Lamar ,Count Me Out
Lil Baby ,Cost To Be Alive
Halsey ,I HATE EVERYBODY
Lil Tecca ,Did It Again
AJR ,100 Bad Days
Freddie Gibbs ,4 Thangs
T.I. ,Jefe
Logic ,BoomTrap Protocol
Donny Hathaway ,This Christmas
Lana Del Rey ,Dealer
Summer Walker ,Reciprocate
Carly Rae Jepsen ,Run Away With Me
Tory Lanez ,Dope Boy's Diary
Jhené Aiko ,P*$$Y Fairy (OTW)
Eslabon Armado ,SOLO
Lil Baby ,Can't Explain
Rex Orange County ,Face To Face
Childish Gambino ,Me and Your Mama
Internet Money ,Somebody
Trippie Redd ,1400 / 999 Freestyle
Tory Lanez ,LUV
Panic! At The Disco ,Golden Days
Logic ,44 More
YoungBoy Never Broke Again ,Ain't Easy
Nicki Minaj ,LLC
One Direction ,Ready to Run
Nat King Cole ,Deck The Hall  Remastered 1999
Meek Mill ,Jump Out the Face
A$AP Rocky ,Rich Nigga Problems
Lil Wayne ,Love Me
Lil Tecca ,Sidenote
Juice WRLD ,Who Shot Cupid?
ZAYN ,iT's YoU
Pop Smoke ,Bad Bitch From Tokyo (Intro)
Selena Gomez ,Vulnerable
Linkin Park ,Nobody Can Save Me
Becky G ,Mayores
XXXTENTACION ,love yourself (interlude)
Dolly Parton ,Islands in the Stream
Jack Harlow ,I'd Do Anything To Make You Smile
Fivio Foreign ,Changed On Me
Taylor Swift ,Out Of The Woods
Offset ,Ric Flair Drip (& Metro Boomin)
Logic ,Run It
Baby Keem ,first order of business
Starley ,Call On Me  Ryan Riback Remix
David Bowie ,Blue Jean  1999 Remastered Version
Trippie Redd ,Supernatural
Juice WRLD ,734
Bebe Rexha ,"Baby, I'm Jealous"
J. Cole ,4 Your Eyez Only
B.B. King ,Ain't Nobody Home
Kygo ,Never Let You Go
SZA ,Open Arms
Jaden ,Falling For You with Justin Bieber
Brett Young ,Mercy
Chelsea Cutler ,Lucky
Drake ,U With Me?
Vicente Fernández ,Aca Entre Nos
Fall Out Boy ,Favorite Record
Marc E. Bassy ,You & Me
Ed Sheeran ,The A Team
Bryan Adams ,Summer Of '69
The Kid LAROI ,"F*CK YOU, GOODBYE"
Central Cee ,Doja
Kygo ,Like It Is
Dreamville ,Stick
Rihanna ,Same Ol’ Mistakes
Amy Kaylee ,
Future ,Hallucinating
A Boogie Wit da Hoodie ,Come Closer
Bazzi ,Paradise
Gorillaz ,Submission
Migos ,TShirt
Nebu Kiniza ,Gassed Up
Nicki Minaj ,The Night Is Still Young
Bazzi ,I.F.L.Y.
Baby Keem ,booman
Kodak Black ,Walk
Alesso ,REMEDY
Bring Me The Horizon ,medicine
Lady Gaga ,John Wayne
Playboi Carti ,Home (KOD)
Diplo ,Wish
The 1975 ,Jesus Christ 2005 God Bless America
Dean Lewis ,Be Alright
Tech N9ne ,Speedom (Wwc2)
Summer Walker ,I'll Kill You
Lana Del Rey ,hope is a dangerous thing for a woman like me to have  but I have it
Why Don't We ,Big Plans
Miley Cyrus ,Prisoner
YG ,Blood Walk
Eve ,Let Me Blow Ya Mind
Lorde ,Fallen Fruit
Mitski ,Heat Lightning
Lil Skies ,Fidget
Gucci Mane ,Bling Blaww Burr
DMX ,Slippin'
Taylor Swift ,Bigger Than The Whole Sky
One Direction ,History
A Tribe Called Quest ,Can I Kick It?
Paramore ,This Is Why
JACKBOYS ,OUT WEST
XXXTENTACION ,Arms Around You
Wiz Khalifa ,Washingtons By Your Side
Yo Gotti ,Down In the DM
bbno$ ,edamame
Doja Cat ,Celebrity Skin
Noah Schnacky ,Hello Beautiful
Tory Lanez ,LA Confidential
Fall Out Boy ,Irresistible
ZAYN ,Too Much
Childish Gambino ,24.19
Selena Gomez ,Dámelo To’
Migos ,"My Family  from ""The Addams Family"""
Khalid ,Salem's Interlude
Taylor Swift ,I Did Something Bad
Tory Lanez ,Adidas
TWICE ,The Feels
Logic ,Limitless
J Balvin ,Rosa
Tory Lanez ,TAlk tO Me
Big Sean ,ZTFO
Luke Combs ,Moon Over Mexico
Trippie Redd ,Weeeeee
Metro Boomin ,Raindrops (Insane) [with Travis Scott]
Future ,Ridin Strikers
Lauv ,Changes
Roddy Ricch ,Start Wit Me
Juice WRLD ,Real Shit
Gunna ,how you did that
Eminem ,Walk On Water
Gorillaz ,Busted and Blue
Meghan Trainor ,Dear Future Husband
Yellow Claw ,Good Day
Trevor Daniel ,Past Life
5 Seconds of Summer ,Moving Along
Sia ,I'm Still Here
Cochise ,Tell Em
Elton John ,Hold Me Closer
Eminem ,I Will
Halsey ,Young God
Alessia Cara ,Wild Things
21 Savage ,Famous
Ellie Goulding ,Burn
Olivia Rodrigo ,"jealousy, jealousy"
townhall ,We Strugglin'
Young Thug ,Wyclef Jean
Ozuna ,La Modelo
Solange ,Don't Touch My Hair
Selena Gomez ,Fun
DaBaby ,TALK ABOUT IT
Jeremy Zucker ,somebody loves you
Taylor Swift ,Lover
Playboi Carti ,Pull Up
Rick Ross ,Gold Roses
Playboi Carti ,Middle Of The Summer
Lana Del Rey ,Young And Beautiful
Hayley Kiyoko ,What I Need
J Balvin ,Negro
Bryson Tiller ,Always Forever
Baby Keem ,range brothers
Kendrick Lamar ,LOYALTY. FEAT. RIHANNA.
Baby Keem ,lost souls
Daddy Yankee ,Dura  Remix
Dua Lipa ,Physical
Drake ,Overdrive
Blake Shelton ,Sangria
Kodak Black ,MoshPit
SZA ,The Weekend
Future ,I Don’t Wanna Break Up
Flight Facilities ,Sunshine
Lovejoy ,Sex Sells
Young Stoner Life ,Real
Travis Scott ,Goosebumps  Remix
Tory Lanez ,Do The Most
Sam Hunt ,2016
Drake ,Chicago Freestyle
Yeat ,Up off X
The Black Keys ,Lo/Hi
Queen ,Another One Bites The Dust  Remastered 2011
Russ ,Alone
Meghan Trainor ,Title
"Tyler, The Creator ","Enjoy Right Now, Today"
TOOL ,Stinkfist
DJ Khaled ,You Mine
Bad Bunny ,25/8
Dreamville ,1993
Kendrick Lamar ,DNA.
G Herbo ,T.O.P.
DaBaby ,BLAME IT ON BABY
Juice WRLD ,Doom
Sam Smith ,Drowning Shadows
Louis The Child ,So What
Ariana Grande ,Just Look Up (From Don’t Look Up)
Bad Bunny ,Aguacero
Roddy Ricch ,The Box
AlunaGeorge ,I'm In Control
Emeli Sandé ,Hurts
OneRepublic ,Wanted
Future ,Used to This
Justin Bieber ,The Christmas Song (Chestnuts Roasting On An Open Fire)
Rod Wave ,Street Runner
Big Sean ,Overtime
P!nk ,Walk Me Home
Eminem ,Leaving Heaven
Katy Perry ,Never Really Over
One Direction ,Olivia
Justin Bieber ,Lifetime
Lana Del Rey ,Venice Bitch
Vance Joy ,Lay It On Me
Clean Bandit ,Rather Be
Drake ,Knife Talk
The Weeknd ,House Of Balloons / Glass Table Girls
Kygo ,Love Me Now
Playboi Carti ,New N3on
Fall Out Boy ,HOLD ME TIGHT OR DON’T
XXXTENTACION ,Touch Eem Body
Lil Tjay ,F.N
Maroon 5 ,Nobody's Love
Taylor Swift ,cardigan
Drake ,Diamonds Dancing
Shawn Mendes ,Patience
Kid Cudi ,Beautiful Trip
DJ Khaled ,NO SECRET
Adele ,Hello
Jonas Brothers ,X
Bing Crosby ,Frosty The Snowman  Remastered 2006
Lizzo ,Tempo
Ruth B. ,Lost Boy
Charlie Puth ,Marvin Gaye
Martin Solveig ,Intoxicated
H.E.R. ,Best Part
Russ ,Summer At 7
Sia ,The Greatest
Louis The Child ,Little Things
The Kid LAROI ,ERASE U
Jessie Murph ,Pray
Childish Gambino ,39.28
Lil Durk ,No Interviews
21 Savage ,a&t
Megan Thee Stallion ,Intercourse
Halsey ,Alanis’ Interlude
Troye Sivan ,YOUTH  Gryffin Remix
CNCO ,Reggaetón Lento (Remix)
Ashnikko ,Daisy
Mooski ,Track Star
Kendrick Lamar ,untitled 08 09.06.2014.
Daft Punk ,Instant Crush
Logic ,Intro
KIDS SEE GHOSTS ,4th Dimension
2 Chainz ,Forgiven
Eric Church ,Record Year
Justin Bieber ,Get Me
ScHoolboy Q ,Groovy Tony / Eddie Kane
DJ Snake ,Fuego
Future ,Damage
Carly Rae Jepsen ,Call Me Maybe
Lil Wayne ,Bing James (ft. Jay Rock)
NLE Choppa ,Shotta Flow (Feat. Blueface) [Remix]
Megan Thee Stallion ,Cry Baby
TOOL ,Forty Six & 2
Blanco Brown ,The Git Up
Nicki Minaj ,I Get Crazy
David Guetta ,Flames
Alan Walker ,Faded
j,hope  Music Box : Reflection
Lil Baby ,Detox
Logic ,Inside
Selena Gomez ,Dance Again
Chelsea Cutler ,please
Logic ,AfricAryaN
DJ Khaled ,GOD DID
BTS ,Stay Gold
Troye Sivan ,My My My!
Pharrell Williams ,Freedom
Luke Combs ,Better Back When
Kevin Gates ,I Don't Get Tired (#IDGT)
Smokepurpp ,123
Nick Jonas ,Find You
Stevie Nicks ,Stop Draggin' My Heart Around
XXXTENTACION ,I don’t let go
Bing Crosby ,White Christmas
Future ,WHEN I THINK ABOUT IT
LISA ,MONEY
Jon Bellion ,Guillotine
Kendrick Lamar ,Black Panther
Ariana Grande ,My Everything
fun. ,We Are Young
Lil Baby ,We Win (Space Jam: A New Legacy) (and Kirk Franklin)
Rich The Kid ,Dead Friends
Big Sean ,Why Would I Stop?
James Blake ,Coming Back
Coldplay ,Hypnotised
A Boogie Wit da Hoodie ,Man in the Mirror
Baby Tate ,I Am
Harry Styles ,Carolina
Andy Grammer ,"Don't Give Up On Me  (From ""Five Feet Apart"")"
Bruno Mars ,When I Was Your Man
NAV ,Hold Your Breath
Gunna ,GIMMICK
Major Lazer ,Cold Water
Little Mix ,Black Magic
Tory Lanez ,Who Needs Love
The Game ,100
Noah Cyrus ,July
Denzel Curry ,CLOUT COBAIN | CLOUT CO13A1N
PinkPantheress ,Pain
Charlie Puth ,Cheating on You
Lauv ,I Like Me Better
Travis Scott ,through the late night
Lady Gaga ,Stupid Love
Gucci Mane ,Both Eyes Closed
Drake ,March 14
NAV ,Champion
Chris Brown ,Questions
Sarah Cothran ,As the World Caves In
Selena Gomez ,Look At Her Now
Agust D ,Daechwita
Charlie Puth ,Loser
Meek Mill ,Dreams and Nightmares
Martin Garrix ,Ocean
Kacey Musgraves ,angel
One Direction ,Steal My Girl
Earl Sweatshirt ,Sick!
Chris Brown ,Call Me Every Day
Carrie Underwood ,Something in the Water
Maren Morris ,GIRL
Mora ,Volando  Remix
21 Savage ,Run Up the Racks
Solange ,Stay Flo
Lil Baby ,Time
Axwell /\ Ingrosso ,Something New
2 Chainz ,Save Me
The Weeknd ,Attention
Post Malone ,Allergic
Chris Brown ,Don't Check On Me
DJ Snake ,Loco Contigo
5 Seconds of Summer ,Jet Black Heart
Migos ,Stir Fry
Young Thug ,Livin It Up
5 Seconds of Summer ,No Shame
Mac Miller ,Once A Day
ILLENIUM ,Heavenly Side
J. Cole ,G.O.M.D.  Live
Kanye West ,Up From The Ashes
Troye Sivan ,FOOLS
HVME ,Goosebumps
Lil Uzi Vert ,POP
The Weeknd ,Party Monster
Lil Yachty ,BABY DADDY
Future ,Different
The Kid LAROI ,Thousand Miles
DJ Khaled ,USE THIS GOSPEL
Zee Avi ,Frosty The Snowman
XXXTENTACION ,One Minute
SALES ,Pope Is a Rockstar
Lil Wayne ,Clap For Em
Maty Noyes ,in my miNd
Hailee Steinfeld ,Coast
YG ,Scared Money
Imagine Dragons ,I Don’t Know Why
Trippie Redd ,Love Scars
Drake ,Lose You
Meek Mill ,Monster
YG ,Bottle Service
A Boogie Wit da Hoodie ,My Shit
Shawn Hook ,Reminding Me
LPB Poody ,Batman
Nick Jonas ,Chainsaw
MAX ,Lights Down Low
Harry Styles ,Two Ghosts
Wiz Khalifa ,Karate
Thomas Rhett ,When You Look Like That
Shawn Mendes ,Like To Be You feat. Julia Michaels
Macklemore ,Good Old Days
Fitz and The Tantrums ,Burn It Down
NAV ,Turks
Drake ,Not You Too
Joey Bada$$ ,ROCKABYE BABY
Lana Del Rey ,Tomorrow Never Came
Pusha T ,Neck & Wrist
Jawsh 685 ,Savage Love (Laxed  Sired Beat)
One Direction ,Long Way Down
Bryson Tiller ,You Got It
Tears For Fears ,Everybody Wants To Rule The World
Lil Uzi Vert ,New Patek
Kehlani ,Lexii's Outro
Fitz and The Tantrums ,Out of My League
Tee Grizzley ,First Day Out
Young Thug ,I'm Scared
Prxxy ,Sunset
Future ,The Percocet & Stripper Joint
Logic ,Wrist
J Balvin ,Mi Gente
JAY,Z  Numb / Encore
Justin Bieber ,Sorry
Logic ,clickbait
Migos ,All Ass
Ariana Grande ,Problem
Imagine Dragons ,Zero
Beyoncé ,Formation
Lana Del Rey ,God Knows I Tried
Jessie Ware ,Say You Love Me
DJ Snake ,The Half
Trippie Redd ,The Nether
Luke Bryan ,Home Alone Tonight
Chlöe ,Have Mercy
Kid Cudi ,Surfin'
Miguel ,Pineapple Skies
PinkPantheress ,Break It Off
Gucci Mane ,Big Booty
French Montana ,Suicide Doors
Polo G ,So Real
blackbear ,1 SIDED LOVE
Alesso ,I Wanna Know
ScHoolboy Q ,Attention
Justin Bieber ,Confirmation
Jack Harlow ,Like A Blade Of Grass
Jax ,Victoria’s Secret
Kygo ,Stranger Things
XXXTENTACION ,Jocelyn Flores
Trippie Redd ,Together
Louis The Child ,The City
Portugal. The Man ,Feel It Still
carolesdaughter ,Violent
Yo Gotti ,They Like
Lil Wayne ,Trust Nobody (ft. Adam Levine)
Wiz Khalifa ,Hot Now
Harry Styles ,Canyon Moon
Taylor Swift ,Daylight
Gorillaz ,Sex Murder Party
Jesy Nelson ,Boyz
Frank Ocean ,Provider
Tom Petty ,While My Guitar Gently Weeps
Bruno Mars ,After Last Night
The Chainsmokers ,My Type
YoungBoy Never Broke Again ,Call Me Late
Lauv ,Love Like That
Childish Gambino ,This Is America
Tate McRae ,chaotic
The Weeknd ,Privilege
The Beatles ,In My Life  Remastered 2009
Juice WRLD ,Hide
The Weeknd ,Out of Time
Jagged Edge ,Where the Party At
Famous Dex ,JAPAN
Macklemore ,Glorious
Katy Perry ,Swish Swish
French Montana ,Wiggle It
Prince ,The Song of the Heart
Thomas Rhett ,That Old Truck
Beck ,Wave
Rod Wave ,Sneaky Links
Jack Harlow ,Poison
Kehlani ,Grieving
Meek Mill ,Oodles O' Noodles Babies
Wes Walker ,Jordan Belfort
Polo G ,Boom
Demi Lovato ,Sorry Not Sorry
Wiz Khalifa ,Alright
A$AP Ferg ,Trap And A Dream
Blxst ,Chosen
Kanye West ,Believe What I Say
Miley Cyrus ,Unholy
TWENTY88 ,Time In
Lil Nas X ,C7osure (You Like)
Lil Baby ,Close Friends (Lil Baby & Gunna)
Chris Stapleton ,Nobody To Blame
Brent Faiyaz ,LOOSE CHANGE
Vince Guaraldi Trio ,Christmas Time Is Here
Taylor Swift ,Delicate  Recorded at The Tracking Room Nashville
Meek Mill ,What's Free
5 Seconds of Summer ,Valentine
DaBaby ,SHUT UP
Imagine Dragons ,Dancing In The Dark
Megan Thee Stallion ,Pressurelicious
Queen Naija ,Karma
Beyoncé ,ALIEN SUPERSTAR
Suki Waterhouse ,Good Looking
Taylor Swift ,Nothing New
Lady Gaga ,Dancin' In Circles
Bad Bunny ,120
Lil Baby ,Yes Indeed
Fall Out Boy ,Centuries
Harry Styles ,Treat People With Kindness
Mac Miller ,Hurt Feelings
Marian Hill ,Back To Me
Ski Mask The Slump God ,Far Gone
Kanye West ,Bound 2
ScHoolboy Q ,Groovy Tony
Glass Animals ,Heat Waves
BTS ,MIC Drop
A Boogie Wit da Hoodie ,Food for Thought
Bebe Rexha ,Break My Heart Myself
KIDS SEE GHOSTS ,Feel The Love
21 Savage ,Slidin
Gorillaz ,Feel Good Inc
Vance Joy ,Call If You Need Me
5 Seconds of Summer ,2011
Kanye West ,All Mine
Sam Smith ,Lay Me Down
NAV ,Wanted You
"Artists Of Then, Now & Forever ",Forever Country
DJ Jazzy Jeff & The Fresh Prince ,A Nightmare on My Street
Miley Cyrus ,WTF Do I Know
Conan Gray ,Memories
E.T. ,We Turn Up
Summer Walker ,Broken Promises
David Bowie ,Rebel Rebel  1999 Remastered Version
Logic ,White People  Scene
Maroon 5 ,Whiskey
Juice WRLD ,Conversations
Tyga ,Feel Me
BTS ,Dionysus
Jonas Blue ,Perfect Strangers
Lewis Capaldi ,when the party's over  Recorded at Spotify Studios NYC
Marilyn Manson ,This Is Halloween
David Bowie ,Queen Bitch  1999 Remastered Version
Maren Morris ,Dear Hate
Florida Georgia Line ,Simple
Drake ,Emotionless
Tove Lo ,Influence
Playboi Carti ,Punk Monk
DaBaby ,Suge
Tyga ,Sunshine
Bad Bunny ,El Apagón
Third Eye Blind ,SemiCharmed Life
DaBaby ,PROLLY HEARD
Meek Mill ,Lord Knows
DJ Khaled ,JUST BE
Florence + The Machine ,Ship To Wreck
Cordae ,Kung Fu
Florida Georgia Line ,Sippin’ On Fire
Summer Walker ,4th Baby Mama  Prelude
Young Thug ,With Them
BROCKHAMPTON ,SAN MARCOS
Bruno Mars ,Leave The Door Open
Beyoncé ,Forward
YoungBoy Never Broke Again ,Outside Today
Machine Gun Kelly ,sid & nancy
The xx ,Dangerous
NAV ,Perfect Timing (Intro)
Maggie Rogers ,Love You For A Long Time
Jay Electronica ,The Blinding feat. Travis Scott
One Direction ,Night Changes
Wale ,The Matrimony
Soft Cell ,Tainted Love
Eartha Kitt ,Santa Baby
Rihanna ,Close To You
Taylor Swift ,ME!
Kanye West ,Pure Souls
Taylor Swift ,Vigilante Shit
David Guetta ,Bad
J. Cole ,Apparently
Meghan Trainor ,All About That Bass
K CAMP ,Comfortable
Young Dolph ,On the River
Miley Cyrus ,Hate Me
Lady Gaga ,1000 Doves
Trey Songz ,Nobody Else But You
Ski Mask The Slump God ,Take A Step Back
Drake ,Liability
Post Malone ,Take What You Want
Chance the Rapper ,Eternal
Drake ,No Long Talk
Silentó ,Watch Me (Whip / Nae Nae)
Muni Long ,Hrs and Hrs
Meek Mill ,Stuck In My Ways
Drake ,IMY2
Bad Bunny ,SI ELLA SALE
Pop Smoke ,Invincible
Alessia Cara ,Make It To Christmas
Linkin Park ,Papercut
Bing Crosby ,Frosty The Snowman
Jeremy Zucker ,you were good to me (bonus track)
Four Tops ,"I Can't Help Myself (Sugar Pie, Honey Bunch)"
Halsey ,I'm Not Mad
6ix9ine ,MAMA
Eminem ,Alfred  Interlude
P!nk ,What About Us
David Guetta ,Better When You're Gone
Young Thug ,Droppin Jewels
Rod Wave ,Break My Heart
Trippie Redd ,They Afraid Of You
Madeon ,You're On
Rich Brian ,Cold
G,Eazy  Everything Will Be OK
Robert DeLong ,Long Way Down
Jon Pardi ,Head Over Boots
Otis Redding ,Stand by Me
Young Thug ,Lil Baby
Billie Eilish ,bad guy
Niall Horan ,Black And White
Lady Gaga ,Bloody Mary
Jorja Smith ,Be Honest
Shawn Mendes ,Youth
The Beatles ,Here Comes The Sun  Remastered 2009
Drake ,Too Good
Kendrick Lamar ,The Blacker The Berry
Rich The Kid ,Leave Me
Cheat Codes ,No Promises
O.T. Genasis ,Cut It
Rod Wave ,Pills & Billz
Maroon 5 ,Don't Wanna Know
Palisades ,Happy
Bryson Tiller ,Timeless Interlude
Marshmello ,Shockwave
Joyner Lucas ,Will
Chance the Rapper ,Juke Jam
X Ambassadors ,Renegades
Fetty Wap ,679
Juice WRLD ,Screw Juice
Silk City ,New Love
Adele ,Rolling in the Deep
Mother Mother ,Hayloft II
Kygo ,Lose Somebody
Nicki Minaj ,ChiRaq
NF ,WHY
Selena Gomez ,Body Heat
Thomas Rhett ,Unforgettable
blackbear ,do re mi
Gucci Mane ,Cold Shoulder
Bow Wow Wow ,I Want Candy
Akon ,Hypnotized
Bad Bunny ,Andrea
Juice WRLD ,I'll Be Fine
Sam Cooke ,(What A) Wonderful World  Remastered
Juice WRLD ,Black & White
Pusha T ,I Pray For You
Tory Lanez ,The Trade
DaBaby ,REALLY
Childish Gambino ,3005
Vampire Weekend ,Unbearably White
Tyler Childers ,Long Violent History
Juice WRLD ,Flaws And Sins
Ariana Grande ,Leave Me Lonely
Pusha T ,Hard Piano
Justin Bieber ,Hold On
Joji ,Reanimator
Kevin Gates ,Let It Sing
OneRepublic ,Future Looks Good
Ed Sheeran ,Tenerife Sea
Don Toliver ,Drugs N Hella Melodies
blackbear ,queen of broken hearts
Rod Wave ,I Remember
Jax Jones ,Instruction
Carrie Underwood ,The Champion
Twenty One Pilots ,Lane Boy
Mac Miller ,Doors
Gucci Mane ,Just Like It
JVKE ,golden hour
NLE Choppa ,Forever
Red Hot Chili Peppers ,Dani California
NF ,Hate Myself
Kid Cudi ,Another Day
Anne,Marie  Birthday
Marc E. Bassy ,Morning
Migos ,Big On Big
Lil Baby ,Business Is Business (Lil Baby & Gunna)
American Authors ,Best Day Of My Life
Offset ,Red Room
Kid Cudi ,Willing To Trust
Young Thug ,Insure My Wrist
Beach Weather ,"Sex, Drugs, Etc."
DRAM ,Gilligan
Camila Cabello ,Easy
Drake ,Forever
One Direction ,Spaces
Ruth B. ,Dandelions
Taylor Swift ,It’s Nice To Have A Friend
Russ ,Losin Control
Bon Iver ,33 “GOD”
Fifth Harmony ,The Life
BTS ,Trivia 承 : Love
Imagine Dragons ,Gold
Shawn Mendes ,Dream
Migos ,Call Casting
Mac Miller ,What Do You Do
Zedd ,Happy Now
Lil Eazzyy ,Onna Come Up
Meek Mill ,Dangerous
Rich Brian ,See Me
Ariana Grande ,Snow In California
Lil Pump ,Drop Out
Panic! At The Disco ,One Of The Drunks
Travis Scott ,NC17
Selena Gomez ,Cut You Off
Conan Gray ,Heather
Miguel ,Simple Things
Taylor Swift ,it’s time to go  bonus track
Jon Pardi ,Last Night Lonely
Joji ,WHY AM I STILL IN LA
R3HAB ,The Wave
Tame Impala ,Instant Destiny
SZA ,Shirt
Eminem ,Tone Deaf
AnnenMayKantereit ,Tom's Diner
Ellie Goulding ,Love I’m Given
Joji ,Upgrade
Panic! At The Disco ,Say Amen (Saturday Night)
Bruno Mars ,That's What I Like
Eslabon Armado ,Ando Más Que Mal
Tory Lanez ,All The Girls
Flo Rida ,Dirty Mind
Bad Bunny ,Ignorantes
